{"content":[{"id":"5dda51ad","settings":{"structure":"20","layout":"full_width","background_background":"gradient","background_color":"#3C53ED","background_color_b":"#F03D6A"},"elements":[{"id":"1818912f","settings":{"_column_size":50,"_inline_size":34.056},"elements":[{"id":"7d5372d2","settings":{"site_logo_fallback":"yes","custom_image":{"url":"http:\/\/127.0.0.1\/wordpress\/wp-content\/uploads\/2021\/07\/Screenshot-912-1.png","id":352},"site_logo_size_size":"custom","site_logo_size_custom_dimension":{"width":"80","height":"70"}},"elements":[],"isInner":false,"widgetType":"site-logo","elType":"widget"}],"isInner":false,"elType":"column"},{"id":"658c738c","settings":{"_column_size":50,"_inline_size":65.944},"elements":[{"id":"18298c53","settings":{"menu":"portfolio","padding_horizontal_menu_item":{"unit":"px","size":19,"sizes":[]},"padding_vertical_menu_item":{"unit":"px","size":27,"sizes":[]},"menu_space_between":{"unit":"px","size":100,"sizes":[]},"animation_line":"grow","menu_typography_typography":"custom","menu_typography_font_family":"Roboto","menu_typography_font_weight":"600","color_menu_item":"#FDFDFD","bg_color_menu_item":"#8BDB6E00","color_menu_item_hover":"#56DB6A"},"elements":[],"isInner":false,"widgetType":"navigation-menu","elType":"widget"}],"isInner":false,"elType":"column"}],"isInner":false,"elType":"section"},{"id":"1f725fdf","settings":[],"elements":[{"id":"603f6eb0","settings":{"_column_size":100,"_inline_size":null},"elements":[{"id":"4960808f","settings":{"title":"Skills ","title_color":"#A78A8E","typography_typography":"custom","typography_font_family":"Baloo Bhaina 2","typography_font_weight":"600","typography_text_decoration":"underline","_margin":{"unit":"px","top":"27","right":"0","bottom":"0","left":"0","isLinked":false},"_animation":"fadeIn"},"elements":[],"isInner":false,"widgetType":"heading","elType":"widget"}],"isInner":false,"elType":"column"}],"isInner":false,"elType":"section"},{"id":"2fb211a7","settings":{"structure":"20","margin":{"unit":"px","top":"51","right":0,"bottom":"51","left":0,"isLinked":true},"animation":"zoomIn"},"elements":[{"id":"5e51ac57","settings":{"_column_size":50,"_inline_size":null},"elements":[{"id":"13c7a152","settings":{"title":"","percent":{"unit":"%","size":80,"sizes":[]},"inner_text":"Java","bar_color":"#786EE4","bar_border_radius":{"unit":"px","size":6,"sizes":[]},"bar_inner_typography_typography":"custom","bar_inner_typography_font_family":"Baloo Bhaina 2","bar_inner_typography_font_size":{"unit":"px","size":16,"sizes":[]},"_margin":{"unit":"px","top":"0","right":"0","bottom":"0","left":"0","isLinked":true},"_padding":{"unit":"px","top":"0","right":"0","bottom":"0","left":"0","isLinked":true},"_animation":"none"},"elements":[],"isInner":false,"widgetType":"progress","elType":"widget"},{"id":"6bcd2b16","settings":{"title":"","inner_text":"Python","bar_color":"#3FDF3A","bar_border_radius":{"unit":"px","size":6,"sizes":[]},"bar_inner_typography_typography":"custom","bar_inner_typography_font_family":"Baloo Bhaina 2","bar_inner_typography_font_size":{"unit":"px","size":16,"sizes":[]},"_margin":{"unit":"px","top":"0","right":"0","bottom":"0","left":"0","isLinked":true},"_padding":{"unit":"px","top":"0","right":"0","bottom":"0","left":"0","isLinked":true}},"elements":[],"isInner":false,"widgetType":"progress","elType":"widget"},{"id":"517d259","settings":{"title":"","percent":{"unit":"%","size":70,"sizes":[]},"inner_text":"Javascript","bar_color":"#3ADFD9","bar_border_radius":{"unit":"px","size":6,"sizes":[]},"bar_inner_typography_typography":"custom","bar_inner_typography_font_family":"Baloo Bhaina 2","bar_inner_typography_font_size":{"unit":"px","size":16,"sizes":[]},"_margin":{"unit":"px","top":"0","right":"0","bottom":"0","left":"0","isLinked":true},"_padding":{"unit":"px","top":"0","right":"0","bottom":"0","left":"0","isLinked":true}},"elements":[],"isInner":false,"widgetType":"progress","elType":"widget"}],"isInner":false,"elType":"column"},{"id":"9d63133","settings":{"_column_size":50,"_inline_size":null},"elements":[{"id":"4df215ee","settings":{"title":"","percent":{"unit":"%","size":80,"sizes":[]},"inner_text":"HTML","bar_color":"#F1C340","bar_border_radius":{"unit":"px","size":6,"sizes":[]},"bar_inner_typography_typography":"custom","bar_inner_typography_font_family":"Baloo Bhaina 2","bar_inner_typography_font_size":{"unit":"px","size":16,"sizes":[]},"_margin":{"unit":"px","top":"0","right":"0","bottom":"0","left":"0","isLinked":true},"_padding":{"unit":"px","top":"0","right":"0","bottom":"0","left":"0","isLinked":true}},"elements":[],"isInner":false,"widgetType":"progress","elType":"widget"},{"id":"4d8fdf28","settings":{"title":"","percent":{"unit":"%","size":75,"sizes":[]},"inner_text":"CSS","bar_color":"#DF4D3A","bar_border_radius":{"unit":"px","size":6,"sizes":[]},"bar_inner_typography_typography":"custom","bar_inner_typography_font_family":"Baloo Bhaina 2","bar_inner_typography_font_size":{"unit":"px","size":16,"sizes":[]},"_margin":{"unit":"px","top":"0","right":"0","bottom":"0","left":"0","isLinked":true},"_padding":{"unit":"px","top":"0","right":"0","bottom":"0","left":"0","isLinked":true}},"elements":[],"isInner":false,"widgetType":"progress","elType":"widget"},{"id":"4e862ed4","settings":{"title":"","percent":{"unit":"%","size":60,"sizes":[]},"inner_text":"Bootstrap","bar_color":"#C756E6","bar_border_radius":{"unit":"px","size":6,"sizes":[]},"bar_inner_typography_typography":"custom","bar_inner_typography_font_family":"Baloo Bhaina 2","bar_inner_typography_font_size":{"unit":"px","size":16,"sizes":[]},"_margin":{"unit":"px","top":"0","right":"0","bottom":"0","left":"0","isLinked":true},"_padding":{"unit":"px","top":"0","right":"0","bottom":"0","left":"0","isLinked":true}},"elements":[],"isInner":false,"widgetType":"progress","elType":"widget"}],"isInner":false,"elType":"column"}],"isInner":false,"elType":"section"},{"id":"5c164f43","settings":{"margin":{"unit":"px","top":"103","right":0,"bottom":"103","left":0,"isLinked":true},"animation":"rotateInDownRight","content_width":{"unit":"px","size":1142,"sizes":[]}},"elements":[{"id":"523189cc","settings":{"_column_size":100,"_inline_size":100,"margin":{"unit":"px","top":"0","right":"0","bottom":"0","left":"5","isLinked":false},"padding":{"unit":"px","top":"0","right":"0","bottom":"0","left":"67","isLinked":false}},"elements":[{"id":"2c1e6dd0","settings":{"wp_gallery":[{"id":396,"url":"http:\/\/127.0.0.1\/wordpress\/wp-content\/uploads\/2021\/07\/jav.png"},{"id":397,"url":"http:\/\/127.0.0.1\/wordpress\/wp-content\/uploads\/2021\/07\/pyr.jpg"},{"id":398,"url":"http:\/\/127.0.0.1\/wordpress\/wp-content\/uploads\/2021\/07\/ht.png"},{"id":399,"url":"http:\/\/127.0.0.1\/wordpress\/wp-content\/uploads\/2021\/07\/cs.jpg"},{"id":400,"url":"http:\/\/127.0.0.1\/wordpress\/wp-content\/uploads\/2021\/07\/bot.png"},{"id":440,"url":"http:\/\/127.0.0.1\/wordpress\/wp-content\/uploads\/2021\/10\/2048px-Unofficial_JavaScript_logo_2.svg.png"}],"gallery_columns":"6","_margin":{"unit":"px","top":"23","right":"-27","bottom":"0","left":"-97","isLinked":false},"_padding":{"unit":"px","top":"0","right":"-0","bottom":"0","left":"-0","isLinked":false}},"elements":[],"isInner":false,"widgetType":"image-gallery","elType":"widget"}],"isInner":false,"elType":"column"}],"isInner":false,"elType":"section"},{"id":"1bd69303","settings":{"margin":{"unit":"px","top":"42","right":0,"bottom":"42","left":0,"isLinked":true}},"elements":[{"id":"582c257e","settings":{"_column_size":100,"_inline_size":null},"elements":[{"id":"521ca5d8","settings":{"title":"Projects","title_color":"#A78A8E","typography_typography":"custom","typography_font_family":"Baloo Bhaina 2","typography_font_weight":"600","typography_text_decoration":"underline","_margin":{"unit":"px","top":"26","right":"0","bottom":"0","left":"0","isLinked":false},"_animation":"fadeIn"},"elements":[],"isInner":false,"widgetType":"heading","elType":"widget"}],"isInner":false,"elType":"column"}],"isInner":false,"elType":"section"},{"id":"7cbe2a3e","settings":{"layout":"full_width","height":"min-height","margin":{"unit":"px","top":"0","right":0,"bottom":"0","left":0,"isLinked":true},"animation":"fadeInLeft"},"elements":[{"id":"209255c","settings":{"_column_size":100,"_inline_size":null},"elements":[{"id":"7a020991","settings":{"carousel":[{"id":402,"url":"http:\/\/127.0.0.1\/wordpress\/wp-content\/uploads\/2021\/07\/images-3.jpg"},{"id":403,"url":"http:\/\/127.0.0.1\/wordpress\/wp-content\/uploads\/2021\/07\/faw.jpg"}],"thumbnail_size":"medium","slides_to_show":"1","caption_type":"caption","_animation":"fadeIn"},"elements":[],"isInner":false,"widgetType":"image-carousel","elType":"widget"}],"isInner":false,"elType":"column"}],"isInner":false,"elType":"section"},{"id":"6a716e3c","settings":{"structure":"20","background_background":"classic","background_color":"#0E0F0ED9","margin":{"unit":"px","top":"0","right":0,"bottom":"0","left":0,"isLinked":true},"animation":"fadeInUp"},"elements":[{"id":"5b0a7fec","settings":{"_column_size":50,"_inline_size":41.784},"elements":[{"id":"5fee81a8","settings":{"address":"Vit ap","zoom":{"unit":"px","size":9,"sizes":[]},"height":{"unit":"px","size":250,"sizes":[]},"_margin":{"unit":"px","top":"21","right":"21","bottom":"21","left":"21","isLinked":true}},"elements":[],"isInner":false,"widgetType":"google_maps","elType":"widget"}],"isInner":false,"elType":"column"},{"id":"7f562ce3","settings":{"_column_size":50,"_inline_size":58.216},"elements":[{"id":"62ba0aa8","settings":{"title":"Contact me","align":"center","title_color":"#FAFCFDFC","_margin":{"unit":"px","top":"34","right":"34","bottom":"34","left":"34","isLinked":true}},"elements":[],"isInner":false,"widgetType":"heading","elType":"widget"},{"id":"7d157b83","settings":{"icon_list":[{"text":"+91 8888888888","selected_icon":{"value":"fas fa-phone-alt","library":"fa-solid"},"_id":"65f355e"},{"text":"gopi.krishna@gmail.com","selected_icon":{"value":"far fa-comments","library":"fa-regular"},"_id":"003789f"},{"text":"1-20\/44-09 near Reliance Fresh, Guntur.","selected_icon":{"value":"fas fa-location-arrow","library":"fa-solid"},"_id":"8dde8fd"}],"space_between":{"unit":"px","size":8,"sizes":[]},"icon_align":"center","icon_color":"#E1E7E9","text_color":"#EAEEF2"},"elements":[],"isInner":false,"widgetType":"icon-list","elType":"widget"}],"isInner":false,"elType":"column"}],"isInner":false,"elType":"section"},{"id":"42935035","settings":{"layout":"full_width","background_background":"classic","background_color":"#0E0F0ED9","animation":"fadeInDown"},"elements":[{"id":"5e2b4274","settings":{"_column_size":100,"_inline_size":null},"elements":[{"id":"56246ed3","settings":{"social_icon_list":[{"social_icon":{"value":"fab fa-facebook","library":"fa-brands"},"_id":"7ccba2c"},{"social_icon":{"value":"fab fa-twitter","library":"fa-brands"},"_id":"53d8959"},{"_id":"aab3ea9","social_icon":{"value":"fab fa-instagram","library":"fa-brands"}},{"_id":"b2fb54b","social_icon":{"value":"fab fa-linkedin","library":"fa-brands"}}],"icon_color":"custom","icon_primary_color":"#595050","icon_size":{"unit":"px","size":24,"sizes":[]},"icon_padding":{"unit":"em","size":0.4,"sizes":[]},"icon_spacing":{"unit":"px","size":100,"sizes":[]},"_margin":{"unit":"px","top":"22","right":"22","bottom":"22","left":"22","isLinked":true}},"elements":[],"isInner":false,"widgetType":"social-icons","elType":"widget"}],"isInner":false,"elType":"column"}],"isInner":false,"elType":"section"}],"page_settings":[],"version":"0.4","title":"g_work","type":"page"}