{"content":[{"id":"581bfe2d","settings":{"structure":"20","layout":"full_width","background_background":"gradient","background_color":"#3C53ED","background_color_b":"#F03D6A"},"elements":[{"id":"50757d7","settings":{"_column_size":50,"_inline_size":34.056},"elements":[{"id":"47ec6c","settings":{"site_logo_fallback":"yes","custom_image":{"url":"http:\/\/127.0.0.1\/wordpress\/wp-content\/uploads\/2021\/07\/Screenshot-912-1.png","id":352},"site_logo_size_size":"custom","site_logo_size_custom_dimension":{"width":"80","height":"70"}},"elements":[],"isInner":false,"widgetType":"site-logo","elType":"widget"}],"isInner":false,"elType":"column"},{"id":"5fa23814","settings":{"_column_size":50,"_inline_size":65.944},"elements":[{"id":"6d717364","settings":{"menu":"portfolio","padding_horizontal_menu_item":{"unit":"px","size":19,"sizes":[]},"padding_vertical_menu_item":{"unit":"px","size":27,"sizes":[]},"menu_space_between":{"unit":"px","size":100,"sizes":[]},"animation_line":"grow","menu_typography_typography":"custom","menu_typography_font_family":"Roboto","menu_typography_font_weight":"600","color_menu_item":"#FDFDFD","bg_color_menu_item":"#8BDB6E00","color_menu_item_hover":"#56DB6A"},"elements":[],"isInner":false,"widgetType":"navigation-menu","elType":"widget"}],"isInner":false,"elType":"column"}],"isInner":false,"elType":"section"},{"id":"2ce5e71c","settings":{"margin":{"unit":"px","top":"27","right":0,"bottom":"27","left":0,"isLinked":true}},"elements":[{"id":"74454650","settings":{"_column_size":100,"_inline_size":null},"elements":[{"id":"41824b9e","settings":{"title":""},"elements":[],"isInner":false,"widgetType":"heading","elType":"widget"},{"id":"419650f2","settings":{"title":"HIRE ME","title_color":"#A78A8E","typography_typography":"custom","typography_font_family":"Baloo Bhaina 2","typography_font_weight":"600","typography_text_decoration":"underline","_margin":{"unit":"px","top":"27","right":"0","bottom":"0","left":"0","isLinked":false},"_animation":"fadeIn"},"elements":[],"isInner":false,"widgetType":"heading","elType":"widget"}],"isInner":false,"elType":"column"}],"isInner":false,"elType":"section"},{"id":"2c074b9c","settings":{"structure":"20","margin":{"unit":"px","top":"50","right":0,"bottom":"50","left":0,"isLinked":true},"layout":"full_width","animation":"fadeInRight"},"elements":[{"id":"69efd3a8","settings":{"_column_size":50,"_inline_size":43.399},"elements":[{"id":"3a0d5577","settings":{"image":{"url":"http:\/\/127.0.0.1\/wordpress\/wp-content\/uploads\/2021\/07\/wood-block-symbol-telephone-mail-260nw-698841982.jpg","id":412},"_animation":"fadeInLeft"},"elements":[],"isInner":false,"widgetType":"image","elType":"widget"}],"isInner":false,"elType":"column"},{"id":"328daed5","settings":{"_column_size":50,"_inline_size":56.601,"text_align":"left","animation":"fadeInRight"},"elements":[{"id":"6a579d91","settings":{"form_id":"303"},"elements":[],"isInner":false,"widgetType":"wpforms","elType":"widget"}],"isInner":false,"elType":"column"}],"isInner":false,"elType":"section"},{"id":"64f7f64d","settings":{"structure":"20","background_background":"classic","background_color":"#0E0F0ED9","margin":{"unit":"px","top":"0","right":0,"bottom":"0","left":0,"isLinked":true},"animation":"fadeInUp"},"elements":[{"id":"7d6df286","settings":{"_column_size":50,"_inline_size":41.784},"elements":[{"id":"74c40637","settings":{"address":"Vit ap","zoom":{"unit":"px","size":9,"sizes":[]},"height":{"unit":"px","size":250,"sizes":[]},"_margin":{"unit":"px","top":"21","right":"21","bottom":"21","left":"21","isLinked":true}},"elements":[],"isInner":false,"widgetType":"google_maps","elType":"widget"}],"isInner":false,"elType":"column"},{"id":"3d0092fb","settings":{"_column_size":50,"_inline_size":58.216},"elements":[{"id":"6f06503d","settings":{"title":"Contact me","align":"center","title_color":"#FAFCFDFC","_margin":{"unit":"px","top":"34","right":"34","bottom":"34","left":"34","isLinked":true}},"elements":[],"isInner":false,"widgetType":"heading","elType":"widget"},{"id":"f494a7e","settings":{"icon_list":[{"text":"+91 8888888888","selected_icon":{"value":"fas fa-phone-alt","library":"fa-solid"},"_id":"65f355e"},{"text":"gopi.krishna@gmail.com","selected_icon":{"value":"far fa-comments","library":"fa-regular"},"_id":"003789f"},{"text":"1-20\/44-09 near Reliance Fresh, Guntur.","selected_icon":{"value":"fas fa-location-arrow","library":"fa-solid"},"_id":"8dde8fd"}],"space_between":{"unit":"px","size":8,"sizes":[]},"icon_align":"center","icon_color":"#E1E7E9","text_color":"#EAEEF2"},"elements":[],"isInner":false,"widgetType":"icon-list","elType":"widget"}],"isInner":false,"elType":"column"}],"isInner":false,"elType":"section"},{"id":"61ba4b1b","settings":{"layout":"full_width","background_background":"classic","background_color":"#0E0F0ED9","animation":"fadeInDown"},"elements":[{"id":"42c787c0","settings":{"_column_size":100,"_inline_size":null},"elements":[{"id":"407ecdca","settings":{"social_icon_list":[{"social_icon":{"value":"fab fa-facebook","library":"fa-brands"},"_id":"7ccba2c"},{"social_icon":{"value":"fab fa-twitter","library":"fa-brands"},"_id":"53d8959"},{"_id":"aab3ea9","social_icon":{"value":"fab fa-instagram","library":"fa-brands"}},{"_id":"b2fb54b","social_icon":{"value":"fab fa-linkedin","library":"fa-brands"}}],"icon_color":"custom","icon_primary_color":"#595050","icon_size":{"unit":"px","size":24,"sizes":[]},"icon_padding":{"unit":"em","size":0.4,"sizes":[]},"icon_spacing":{"unit":"px","size":100,"sizes":[]},"_margin":{"unit":"px","top":"22","right":"22","bottom":"22","left":"22","isLinked":true}},"elements":[],"isInner":false,"widgetType":"social-icons","elType":"widget"}],"isInner":false,"elType":"column"}],"isInner":false,"elType":"section"}],"page_settings":[],"version":"0.4","title":"g_contact","type":"page"}