{"content":[{"id":"250fece1","settings":{"structure":"20","layout":"full_width","background_background":"gradient","background_color":"#3C53ED","background_color_b":"#F03D6A"},"elements":[{"id":"53c87994","settings":{"_column_size":50,"_inline_size":34.056},"elements":[{"id":"5defb477","settings":{"site_logo_fallback":"yes","custom_image":{"url":"http:\/\/127.0.0.1\/wordpress\/wp-content\/uploads\/2021\/07\/Screenshot-912-1.png","id":352},"site_logo_size_size":"custom","site_logo_size_custom_dimension":{"width":"80","height":"70"}},"elements":[],"isInner":false,"widgetType":"site-logo","elType":"widget"}],"isInner":false,"elType":"column"},{"id":"4fc76a52","settings":{"_column_size":50,"_inline_size":65.944},"elements":[{"id":"4eba4e28","settings":{"menu":"portfolio","padding_horizontal_menu_item":{"unit":"px","size":19,"sizes":[]},"padding_vertical_menu_item":{"unit":"px","size":27,"sizes":[]},"menu_space_between":{"unit":"px","size":100,"sizes":[]},"animation_line":"grow","menu_typography_typography":"custom","menu_typography_font_family":"Roboto","menu_typography_font_weight":"600","color_menu_item":"#FDFDFD","bg_color_menu_item":"#8BDB6E00","color_menu_item_hover":"#56DB6A"},"elements":[],"isInner":false,"widgetType":"navigation-menu","elType":"widget"}],"isInner":false,"elType":"column"}],"isInner":false,"elType":"section"},{"id":"5ff40af4","settings":{"layout":"full_width","structure":"20","background_background":"classic","background_image":{"url":"http:\/\/127.0.0.1\/wordpress\/wp-content\/uploads\/2021\/07\/1428482.jpg","id":353},"margin":{"unit":"px","top":"13","right":0,"bottom":"13","left":0,"isLinked":true},"padding":{"unit":"px","top":"69","right":"69","bottom":"69","left":"69","isLinked":true}},"elements":[{"id":"277709c1","settings":{"_column_size":50,"_inline_size":null},"elements":[{"id":"11122e4e","settings":{"title":"HEY THERE !<br>","header_size":"h5","title_color":"#E3EAEE","_margin":{"unit":"px","top":"223","right":"0","bottom":"0","left":"45","isLinked":false},"typography_typography":"custom","typography_font_family":"Roboto","typography_font_weight":"600","_animation":"fadeInRight"},"elements":[],"isInner":false,"widgetType":"heading","elType":"widget"},{"id":"183b5dda","settings":{"title":"I AM Gopi Krishna","header_size":"h1","title_color":"#E3EAEE","typography_typography":"custom","typography_font_family":"Baloo Bhaina 2","typography_font_weight":"600","_margin":{"unit":"px","top":"0","right":"0","bottom":"0","left":"45","isLinked":false},"typography_font_size":{"unit":"px","size":54,"sizes":[]},"_animation":"fadeInUp"},"elements":[],"isInner":false,"widgetType":"heading","elType":"widget"}],"isInner":false,"elType":"column"},{"id":"50d6f34b","settings":{"_column_size":50,"_inline_size":null},"elements":[{"id":"73d44a32","settings":{"title":"","header_size":"h1","title_color":"#E3EAEE","typography_typography":"custom","typography_font_family":"Baloo Bhaina 2","typography_font_weight":"600","_margin":{"unit":"px","top":"0","right":"0","bottom":"0","left":"45","isLinked":false}},"elements":[],"isInner":false,"widgetType":"heading","elType":"widget"},{"id":"5cc055f2","settings":{"site_logo_fallback":"yes","custom_image":{"url":"http:\/\/127.0.0.1\/wordpress\/wp-content\/uploads\/2021\/07\/octavian-dan-iY6QMkP66mI-unsplash-scaled.jpg","id":386},"site_logo_size_size":"large","site_logo_size_custom_dimension":{"width":"80","height":"70"},"_margin":{"unit":"px","top":"51","right":"0","bottom":"0","left":"16","isLinked":false},"_animation":"lightSpeedIn","_padding":{"unit":"px","top":"10","right":"10","bottom":"10","left":"10","isLinked":true}},"elements":[],"isInner":false,"widgetType":"site-logo","elType":"widget"}],"isInner":false,"elType":"column"}],"isInner":false,"elType":"section"},{"id":"d6beeae","settings":{"structure":"20","background_background":"classic","background_color":"#0E0F0ED9","margin":{"unit":"px","top":"0","right":0,"bottom":"0","left":0,"isLinked":true},"animation":"fadeInUp"},"elements":[{"id":"3c799dc0","settings":{"_column_size":50,"_inline_size":41.784},"elements":[{"id":"28ea793c","settings":{"address":"Vit ap","zoom":{"unit":"px","size":9,"sizes":[]},"height":{"unit":"px","size":250,"sizes":[]},"_margin":{"unit":"px","top":"21","right":"21","bottom":"21","left":"21","isLinked":true}},"elements":[],"isInner":false,"widgetType":"google_maps","elType":"widget"}],"isInner":false,"elType":"column"},{"id":"78dddeb8","settings":{"_column_size":50,"_inline_size":58.216},"elements":[{"id":"1c677b44","settings":{"title":"Contact me","align":"center","title_color":"#FAFCFDFC","_margin":{"unit":"px","top":"34","right":"34","bottom":"34","left":"34","isLinked":true}},"elements":[],"isInner":false,"widgetType":"heading","elType":"widget"},{"id":"30c7725f","settings":{"icon_list":[{"text":"+91 8888888888","selected_icon":{"value":"fas fa-phone-alt","library":"fa-solid"},"_id":"65f355e"},{"text":"gopi.krishna@gmail.com","selected_icon":{"value":"far fa-comments","library":"fa-regular"},"_id":"003789f"},{"text":"1-20\/44-09 near Reliance Fresh, Guntur.","selected_icon":{"value":"fas fa-location-arrow","library":"fa-solid"},"_id":"8dde8fd"}],"space_between":{"unit":"px","size":8,"sizes":[]},"icon_align":"center","icon_color":"#E1E7E9","text_color":"#EAEEF2"},"elements":[],"isInner":false,"widgetType":"icon-list","elType":"widget"}],"isInner":false,"elType":"column"}],"isInner":false,"elType":"section"},{"id":"1cc674d6","settings":{"layout":"full_width","background_background":"classic","background_color":"#0E0F0ED9","animation":"fadeInDown"},"elements":[{"id":"fada6d","settings":{"_column_size":100,"_inline_size":null},"elements":[{"id":"492f0c01","settings":{"social_icon_list":[{"social_icon":{"value":"fab fa-facebook","library":"fa-brands"},"_id":"7ccba2c"},{"social_icon":{"value":"fab fa-twitter","library":"fa-brands"},"_id":"53d8959"},{"_id":"aab3ea9","social_icon":{"value":"fab fa-instagram","library":"fa-brands"}},{"_id":"b2fb54b","social_icon":{"value":"fab fa-linkedin","library":"fa-brands"}}],"icon_color":"custom","icon_primary_color":"#595050","icon_size":{"unit":"px","size":24,"sizes":[]},"icon_padding":{"unit":"em","size":0.4,"sizes":[]},"icon_spacing":{"unit":"px","size":100,"sizes":[]},"_margin":{"unit":"px","top":"22","right":"22","bottom":"22","left":"22","isLinked":true}},"elements":[],"isInner":false,"widgetType":"social-icons","elType":"widget"}],"isInner":false,"elType":"column"}],"isInner":false,"elType":"section"}],"page_settings":[],"version":"0.4","title":"g_home","type":"page"}